{"cameraMode":{"drawMode":0,"name":"Shaded","section":"Shading Mode"},"sceneLighting":true,"audioPlay":false,"sceneViewState":{"m_AlwaysRefresh":false,"showFog":false,"showSkybox":false,"showFlares":false,"showImageEffects":false,"showParticleSystems":false,"showVisualEffectGraphs":true,"m_FxEnabled":true},"in2DMode":false,"pivot":{"x":4.746999740600586,"y":-2.6359996795654299,"z":-13.149999618530274},"rotation":{"x":0.019690370187163354,"y":0.9856605529785156,"z":-0.1586548537015915,"w":0.054038114845752719},"size":12.12435531616211,"orthographic":false}